,column_s,column_e,column_c,solution_value
0,0,0,0,4.0
1,0,0,1,2.0
2,0,0,2,1.0
3,0,0,3,0.9999999999999987
5,0,0,5,2.0
8,0,0,8,0.9999999999999994
28,0,2,2,1.0
34,0,2,8,1.0
44,0,3,5,1.0
55,0,4,3,1.0
58,0,4,6,1.0
65,0,5,0,1.0
66,0,5,1,1.0
68,0,5,3,1.0
69,0,5,4,1.0
71,0,5,6,1.0
72,0,5,7,1.0
88,1,0,10,1.0
92,1,1,1,1.0
94,1,1,3,1.0
97,1,1,6,1.0
122,1,3,5,1.0
143,1,5,0,1.0
145,1,5,2,1.0
147,1,5,4,1.0
150,1,5,7,1.0
151,1,5,8,1.0
