,column_s,column_e,column_c,solution_value
0,0,0,0,3.0
4,0,0,4,2.0
6,0,0,6,2.0000000000006737
16,0,1,5,1.0
50,0,4,6,1.0
79,0,7,2,1.0
82,0,7,5,1.0
144,0,13,1,1.0
154,0,14,0,1.0
165,1,0,0,4.0
166,1,0,1,2.0
167,1,0,2,3.0
168,1,0,3,3.0
170,1,0,5,3.0
172,1,0,7,3.0
173,1,0,8,2.0000000000001683
174,1,0,9,1.0
246,1,7,4,1.0
