,column_s,column_e,column_c,solution_value
0,0,0,0,1.0
1,0,0,1,3.0
2,0,0,2,1.0000000000000013
3,0,0,3,1.999999999999998
6,0,0,6,1.000000000000003
20,0,2,2,0.9999999999999988
