,column_s,column_e,column_c,solution_value
0,0,0,0,1.9999999999980762
1,0,0,1,1.9999999999996794
2,0,0,2,1.9999999999998141
3,0,0,3,2.0
4,0,0,4,1.9999999999998141
5,0,0,5,2.000000000000228
6,0,0,6,2.0
7,0,0,7,2.0
165,0,15,0,1.0
166,0,15,1,1.0
253,1,0,0,2.999999999998397
254,1,0,1,4.0
258,1,0,5,2.000000000000824
259,1,0,6,0.999999999999722
260,1,0,7,0.999999999999722
261,1,0,8,2.000000000000278
262,1,0,9,1.0
270,1,1,6,1.000000000000556
271,1,1,7,1.000000000000278
277,1,2,2,1.0
