,column_s,column_e,column_c,solution_value
0,0,0,0,8.999999999999893
27,0,3,0,4.999999999999571
28,0,3,1,8.99999999999982
36,0,4,0,5.0000000000005365
207,1,0,0,4.0
208,1,0,1,2.9999999999999285
209,1,0,2,0.9999999999999285
219,1,1,3,1.0
235,1,3,1,2.0000000000000715
270,1,7,0,3.0
325,1,13,1,1.0
414,2,0,0,2.0
415,2,0,1,2.0
416,2,0,2,1.0
417,2,0,3,1.0
419,2,0,5,1.0
532,2,13,1,1.0
585,2,19,0,1.0
