,column_s,column_e,column_c,solution_value
0,0,0,0,4.0
1,0,0,1,5.0
2,0,0,2,0.9999999999996032
3,0,0,3,4.0
4,0,0,4,0.9999999999996032
5,0,0,5,0.9999999999998016
9,0,0,9,1.0
10,0,0,10,1.0
11,0,0,11,1.0
12,0,0,12,1.0
20,0,1,3,1.0
255,0,15,0,1.0000000000003968
256,0,15,1,1.0
260,0,15,5,1.0
261,0,15,6,2.0
330,0,19,7,1.0
340,0,20,0,1.0
392,1,0,1,2.0
394,1,0,3,1.0
405,1,0,14,1.0
647,1,15,1,1.0
652,1,15,6,1.0
672,1,16,9,1.0
748,1,21,0,1.0
